setup,accuracy,precision,recall,f1,roc_auc
Baseline (no aug),0.9736842105263158,0.975609756097561,0.9523809523809523,0.963855421686747,0.9953703703703703
GAN aug (malignant only),0.9736842105263158,0.975609756097561,0.9523809523809523,0.963855421686747,0.996362433862434
